Run,Global,SAD,Vegetarian,Beef,Dairy,Poultry,Pork,Eggs,SheepGoat
Base,269.35713060312594,92.49056603773585,38.10377358490566,0.20412264150943396,0.09254716981132076,0.012915094339622641,0.02928301886792453,0.014056603773584905,0.10718867924528303
Stern,862.0570446378792,288.2758620689655,124.62068965517241,0.5840344827586207,0.2996206896551724,0.056379310344827585,0.0960344827586207,0.058517241379310345,0.2579655172413793
2.5%,674.0315310814138,229.8918643657496,99.26011208829132,0.4777864779358675,0.2400395796140361,0.038465376007615765,0.07322419263499788,0.04164818787342477,0.22412630641344386
3%,474.9254873129968,162.0729977990303,68.7325897834735,0.34494234315715716,0.16639128817920817,0.02538466973606462,0.05151345359663015,0.027426114647806414,0.1697722541783161
5%,202.99302517743035,69.40259768621873,27.815723670624735,0.15816928337088976,0.06765717932969975,0.008565377357727126,0.021883442155970066,0.009410010089151384,0.08784365511105253
