Beef,Dairy,Poultry,Pork,Eggs,SheepGoat
38.89316037735849,22.77358490566038,4.838207547169811,3.730330188679246,1.130566037735849,0.36452830188679247
