Beef,Dairy,Poultry,Pork,Eggs,SheepGoat
45.927594339622644,37.0188679245283,4.197405660377358,3.953207547169811,1.1245283018867924,0.3215660377358491
