uA,SCMt
0.9,151.46707476635513
1.0,126.9128878504673
1.1,105.68183644859813
1.2,87.07871962616822
1.3,70.59690654205608
1.4,55.857570093457944
1.5,42.57027102803739
1.6,30.50889719626168
1.7,19.493570093457944
1.8,9.379644859813085
1.9,0.04919626168224299
2.0,-8.595140186915888
2.1,-16.63452336448598
2.2,-24.137168224299064
2.3,-31.1608785046729
2.4,-37.75536448598131
2.5,-43.96306542056075
2.6,-49.8207570093458
2.7,-55.36074766355141
2.8,-60.61058878504673
