uA,SCMt
0.9,151.82960421545667
1.0,127.21791803278688
1.1,105.9371850117096
1.2,87.29044964871194
1.3,70.77005152224825
1.4,55.99607494145199
1.5,42.67775175644028
1.6,30.58811241217799
1.7,19.546988290398126
1.8,9.409386416861828
1.9,0.05718032786885246
2.0,-8.60728805620609
2.1,-16.665414519906324
2.2,-24.185723653395783
2.3,-31.226051522248245
2.4,-37.83611241217799
2.5,-44.058210772833725
2.6,-49.92965807962529
2.7,-55.4823793911007
2.8,-60.74488056206089
