uA,SCMt
0.9,146.60225017234168
1.0,122.83664102222565
1.1,102.28747638977494
1.2,84.28179328813891
1.3,68.32935164945587
1.4,54.06329506530289
1.5,41.20281222352306
1.6,29.528758406184203
1.7,18.867230152665513
1.8,9.078197672978462
1.9,0.04744732887932344
2.0,-8.319246585298028
2.1,-16.10041570447434
2.2,-23.362115640678713
2.3,-30.160368462992693
2.4,-36.5430470381769
2.5,-42.55134193756441
2.6,-48.2209177971112
2.7,-53.58283364763781
2.8,-58.664282448723974
