NonVeg,Beef,Pork,Chicken
127211.04918032787,56.43793911007026,32.859484777517565,326.0608899297424
50.266978922716625,0.17798594847775176,0.03747072599531616,0.02810304449648712
127160.78220140515,56.259953161592506,32.82201405152225,326.0327868852459
