NonVeg,Beef,Pork,Chicken
127217.91803278688,56.47540983606557,32.8711943793911,326.0608899297424
57.18032786885246,0.19672131147540983,0.03747072599531616,0.00936768149882904
127160.73770491804,56.278688524590166,32.833723653395786,326.0515222482436
