NonVeg,Beef,Pork,Chicken
126912.88785046729,56.299065420560744,32.77336448598131,325.2827102803738
49.19626168224299,0.1308411214953271,0.009345794392523364,0.0
126863.69158878505,56.168224299065415,32.76401869158879,325.2827102803738
